Login ID,Repo Count,Follower Count,Member Since
,,,
" VICXUYZF--erinata "">
<span>
        erinata  
        </span> ",85,93,  ( 2010-12-23 )  
,,,
,,,
" MLZYLGKH--voodootikigod "">
<span>
        voodootikigod  
        </span> ",125,   *  660     ,  ( 2008-02-19 )  
,,,
" OULRTBWD--piclez "">
<span>
        piclez  
        </span> ",39,48,  ( 2008-02-24 )  
,,,
" THPTJTRO--brianleroux "">
<span>
        brianleroux  
        </span> ",360,   *  1741     ,  ( 2008-02-26 )  
,,,
" GMOLAWHT--coty "">
<span>
        coty  
        </span> ",73,66,  ( 2008-02-27 )  
,,,
" NPYIRUBU--clarkbw "">
<span>
        clarkbw  
        </span> ",82,   *  391     ,  ( 2008-03-04 )  
,,,
" CJPMTWMF--orlin "">
<span>
        orlin  
        </span> ",43,51,  ( 2008-03-06 )  
,,,
" AQXIVLQM--jacques "">
<span>
        jacques  
        </span> ",386,90,  ( 2008-03-07 )  
,,,
" EANKCKPC--baron "">
<span>
        baron  
        </span> ",24,41,  ( 2008-03-09 )  
,,,
" GHBARMXG--stinie "">
<span>
        stinie  
        </span> ",138,52,  ( 2008-03-13 )  
,,,
" IGJPVHSJ--thomd "">
<span>
        thomd  
        </span> ",105,25,  ( 2008-03-18 )  
,,,
" HVLSKWBE--quinn "">
<span>
        quinn  
        </span> ",134,65,  ( 2008-03-25 )  
,,,
" AENFNHXF--jevon "">
<span>
        jevon  
        </span> ",2,40,  ( 2008-04-02 )  
,,,
" CGHKDVSV--hlb "">
<span>
        hlb  
        </span> ",40,   *  227     ,  ( 2008-04-03 )  
,,,
" DZSTXGVP--eoin "">
<span>
        eoin  
        </span> ",4,86,  ( 2008-04-03 )  
,,,
" BGRECVNR--thekvn "">
<span>
        thekvn  
        </span> ",23,39,  ( 2008-04-07 )  
,,,
" DOPAHZKX--jhaynie "">
<span>
        jhaynie  
        </span> ",112,   *  374     ,  ( 2008-04-09 )  
,,,
" EIYRPIVJ--wilsonminer "">
<span>
        wilsonminer  
        </span> ",7,99,  ( 2008-04-09 )  
,,,
" BVWPXJOC--asoltys "">
<span>
        asoltys  
        </span> ",204,   *  149     ,  ( 2008-04-16 )  
,,,
,,,
" NXDLTVHK--fling "">
<span>
        fling  
        </span> ",4,26,  ( 2008-05-05 )  
,,,
" MXWXKQHP--peterpunk "">
<span>
        peterpunk  
        </span> ",4,47,  ( 2008-05-08 )  
,,,
" RLQMKZRP--diclophis "">
<span>
        diclophis  
        </span> ",106,   *  120     ,  ( 2008-05-13 )  
,,,
" BVNYSUMZ--jaredhanson "">
<span>
        jaredhanson  
        </span> ",408,   *  3418     ,  ( 2008-05-15 )  
,,,
" RNKSDGCL--rchk "">
<span>
        rchk  
        </span> ",9,33,  ( 2008-05-16 )  
,,,
" UOGNOITK--mlynch "">
<span>
        mlynch  
        </span> ",122,   *  1313     ,  ( 2008-05-22 )  
,,,
" NTNTIMUI--grantmichaels "">
<span>
        grantmichaels  
        </span> ",10,48,  ( 2008-06-21 )  
,,,
" RPVRWAUH--frozzare "">
<span>
        frozzare  
        </span> ",296,   *  208     ,  ( 2008-06-22 )  
,,,
" MZIDCVSB--johnantoni "">
<span>
        johnantoni  
        </span> ",535,   *  118     ,  ( 2008-06-30 )  
,,,
" MMNDHSSX--silentrob "">
<span>
        silentrob  
        </span> ",112,   *  316     ,  ( 2008-07-04 )  
,,,
" TOQJWJCM--roy "">
<span>
        roy  
        </span> ",35,15,  ( 2008-03-04 )  
,,,
" WJZGTTLZ--Wijnand "">
<span>
        Wijnand  
        </span> ",12,16,  ( 2008-06-10 )  
,,,
" UTOKOCBV--arjan "">
<span>
        arjan  
        </span> ",239,   *  168     ,  ( 2008-09-15 )  
,,,
" MVBXJASG--archan937 "">
<span>
        archan937  
        </span> ",66,82,  ( 2009-02-08 )  
,,,
" CWSYYVPS--bulters "">
<span>
        bulters  
        </span> ",75,13,  ( 2009-02-23 )  
,,,
" TMSZPQIA--michaelkoper "">
<span>
        michaelkoper  
        </span> ",38,23,  ( 2009-05-17 )  
,,,
" WEOTYPBY--sajoku "">
<span>
        sajoku  
        </span> ",99,17,  ( 2010-09-07 )  
,,,
" SJNXECAL--chrisobdam "">
<span>
        chrisobdam  
        </span> ",4,6,  ( 2011-02-24 )  
,,,
" UZTZYJMF--pomazanbohdan "">
<span>
        pomazanbohdan  
        </span> ",11,6,  ( 2011-03-29 )  
,,,
" XDKNPVDU--evinw "">
<span>
        evinw  
        </span> ",8,   *  1398     ,  ( 2011-06-11 )  
,,,
" JPCGGZJM--jameskyokushin "">
<span>
        jameskyokushin  
        </span> ",30,19,  ( 2011-08-04 )  
,,,
" ZBIACEIB--ssleptsov "">
<span>
        ssleptsov  
        </span> ",29,100,  ( 2011-12-03 )  
,,,
" PYHRIVRQ--innomarkglobal "">
<span>
        innomarkglobal  
        </span> ",0,14,  ( 2012-10-10 )  
,,,
" OPPBGLCR--grdw "">
<span>
        grdw  
        </span> ",6,21,  ( 2012-10-29 )  
,,,
" DUOHYMWC--ayeminag "">
<span>
        ayeminag  
        </span> ",28,27,  ( 2012-10-30 )  
,,,
" OWIPHKLM--KevinHock "">
<span>
        KevinHock  
        </span> ",39,   *  4695     ,  ( 2012-12-19 )  
,,,
" JBYQQIAS--Frenchcooc "">
<span>
        Frenchcooc  
        </span> ",21,47,  ( 2013-01-13 )  
,,,
" KNLEDSNT--cusspvz "">
<span>
        cusspvz  
        </span> ",159,   *  7743     ,  ( 2013-02-15 )  
,,,
" FXKZVWLB--VagrantStory "">
<span>
        VagrantStory  
        </span> ",9,   *  1987     ,  ( 2013-04-05 )  
,,,
" JDFXMQLO--Xyphex "">
<span>
        Xyphex  
        </span> ",9,5,  ( 2013-06-27 )  
,,,
" PHCOUUCM--gabrielpconceicao "">
<span>
        gabrielpconceicao  
        </span> ",24,   *  1878     ,  ( 2013-07-31 )  
,,,
" KYTMZLJU--Hamz-a "">
<span>
        Hamz-a  
        </span> ",33,   *  189     ,  ( 2013-08-28 )  
,,,
" WHHLWEOR--rodrigooler "">
<span>
        iorroeordgl 
</span> ",204,   *  1224     ,  ( 2013-09-19 )  
,,,
" PEIDHMBU--angusshire "">
<span>
        angusshire  
        </span> ",18,   *  12326     ,  ( 2013-11-07 )  
,,,
" GVFKISBF--dalinhuang99 "">
<span>
        dalinhuang99  
        </span> ",-1,-1,  ( 0000-00-00 )  
,,,
" BMACDDPS--twopack "">
<span>
        twopack  
        </span> ",9,30,  ( 2014-01-29 )  
,,,
" GNSWIQZF--MichalPaszkiewicz "">
<span>
        wPickelhcaMaszizi 
</span> ",66,   *  5384     ,  ( 2014-02-13 )  
,,,
" VIFWBLJJ--dplewis "">
<span>
        dplewis  
        </span> ",120,   *  1748     ,  ( 2014-11-18 )  
,,,
" ASJXLQCQ--pengliheng "">
<span>
        nlggpiheen 
</span> ",-1,-1,  ( 0000-00-00 )  
,,,
" JMQLDRMJ--Bitonics "">
<span>
        otBsiicn 
</span> ",2,75,  ( 2018-01-23 )  
,,,
" EEVJFEYN--kaichen "">
<span>
        kaichen  
        </span> ",52,   *  381     ,  ( 2008-03-28 )  
,,,
" KZJUKQGS--dejan "">
<span>
        ajden 
</span> ",19,   *  148     ,  ( 2008-04-03 )  
,,,
" YIRBELBF--huacnlee "">
<span>
        huacnlee  
        </span> ",120,   *  4686     ,  ( 2008-04-07 )  
,,,
" RKFZLFZI--yong "">
<span>
        gyon 
</span> ",17,52,  ( 2008-04-08 )  
,,,
" UMNBNPCE--poshboytl "">
<span>
        tsobpohyl 
</span> ",96,   *  629     ,  ( 2008-04-09 )  
,,,
" EYSIPUXX--winfield "">
<span>
        winfield  
        </span> ",13,41,  ( 2008-04-12 )  
,,,
" DDBXWPTC--tomlion "">
<span>
        nitmolo 
</span> ",46,   *  162     ,  ( 2008-04-19 )  
,,,
" UTGWIKOK--beenhero "">
<span>
        bnrheeeo 
</span> ",25,   *  190     ,  ( 2008-04-22 )  
,,,
" JXDCZHEU--cashplk "">
<span>
        cashplk  
        </span> ",2,29,  ( 2008-04-24 )  
,,,
" MJFWNYMK--ysorigin "">
<span>
        gyiosnri 
</span> ",7,29,  ( 2008-05-08 )  
,,,
" FLYEVKMY--sishen "">
<span>
        sishen  
        </span> ",57,   *  675     ,  ( 2008-05-22 )  
,,,
" WDQMLNHL--RobinWu "">
<span>
        RobinWu  
        </span> ",50,32,  ( 2008-06-08 )  
,,,
" ZBARTAJM--jlisbz "">
<span>
        jlisbz  
        </span> ",82,21,  ( 2008-06-11 )  
,,,
" XFIYZRPP--pmq20 "">
<span>
        2pqm0 
</span> ",202,   *  765     ,  ( 2008-06-11 )  
,,,
" UESQHMMP--crazycode "">
<span>
        crazycode  
        </span> ",212,67,  ( 2008-06-22 )  
,,,
" SHTNUKXW--saberma "">
<span>
        saberma  
        </span> ",37,   *  675     ,  ( 2008-06-26 )  
,,,
" WJJYOCXO--liangwenke "">
<span>
        liangwenke  
        </span> ",37,31,  ( 2008-09-04 )  
,,,
" DKZKGOBB--caingougou "">
<span>
        caingougou  
        </span> ",6,27,  ( 2008-09-27 )  
,,,
" TVRLWNHL--gaolei "">
<span>
        gaolei  
        </span> ",18,15,  ( 2008-09-28 )  
,,,
" MUVHZTTT--lidaobing "">
<span>
        lidaobing  
        </span> ",119,   *  619     ,  ( 2008-10-04 )  
,,,
" YULFCDVA--hozaka "">
<span>
        hozaka  
        </span> ",9,10,  ( 2008-10-29 )  
,,,
" EOMMLTNZ--yatwql "">
<span>
        yatwql  
        </span> ",61,6,  ( 2008-11-07 )  
,,,
" IMTPGAKY--lnsoso "">
<span>
        snolso 
</span> ",849,0,  ( 2008-11-08 )  
,,,
" FRILQYPN--kenneth "">
<span>
        hnktene 
</span> ",121,83,  ( 2008-11-08 )  
,,,
" HKWVQVLL--sorrycc "">
<span>
        rsyocrc 
</span> ",202,   *  12816     ,  ( 2008-11-18 )  
,,,
" XXHTUCWU--doitian "">
<span>
        tdoinia 
</span> ",191,   *  324     ,  ( 2008-11-21 )  
,,,
" QYDNDFKB--tualatrix "">
<span>
        tualatrix  
        </span> ",102,   *  1410     ,  ( 2008-11-21 )  
,,,
" ZHMTIYLE--chunzi "">
<span>
        chunzi  
        </span> ",27,   *  161     ,  ( 2008-11-27 )  
,,,
" DSOXEZDH--xiaods "">
<span>
        xiaods  
        </span> ",209,   *  385     ,  ( 2008-12-02 )  
,,,
" JRRFLWED--yorzi "">
<span>
        yorzi  
        </span> ",72,   *  116     ,  ( 2008-12-08 )  
,,,
" TJJZXYQO--mehdimays "">
<span>
        ismdeaymh 
</span> ",57,18,  ( 2011-05-15 )  
,,,
,,,
" XVAQJGQY--raudelenrique "">
<span>
        ueuidernaeqrl 
</span> ",1,1,  ( 2012-10-02 )  
,,,
" KEURCUHD--angusshire "">
<span>
        ighenassur 
</span> ",18,   *  12326     ,  ( 2013-11-07 )  
,,,
,,,
" SCZOAREH--lumberjackchef "">
<span>
        lumberjackchef  
        </span> ",8,15,  ( 2014-05-23 )  
,,,
" QETJJUEZ--Kakise "">
<span>
        Kakise  
        </span> ",60,   *  1078     ,  ( 2016-04-24 )  
,,,
" ODJXHBCZ--MafujShikder "">
<span>
        MfirjadehukS 
</span> ",23,   *  1517     ,  ( 2017-12-14 )  
,,,
" CYJQNZGG--shmuel7e "">
<span>
        shmuel7e  
        </span> ",12,17,  ( 2018-10-05 )  
,,,
" QPEESJAX--jm "">
<span>
        jm  
        </span> ",132,   *  509     ,  ( 2008-01-29 )  
,,,
" SWWCKUAH--skyfallsin "">
<span>
        skyfallsin  
        </span> ",20,70,  ( 2008-02-26 )  
,,,
" QLUYDLSZ--adambair "">
<span>
        iadamabr 
</span> ",61,   *  112     ,  ( 2008-02-26 )  
,,,
" LIYRIKDS--mbleigh "">
<span>
        mbleigh  
        </span> ",147,   *  885     ,  ( 2008-02-27 )  
,,,
" HKYMYGKJ--brendanlim "">
<span>
        brendanlim  
        </span> ",118,   *  144     ,  ( 2008-02-29 )  
,,,
" XTFJRHVF--cselmer "">
<span>
        ceslemr 
</span> ",24,79,  ( 2008-03-04 )  
,,,
" UVLAYWFV--brentmc79 "">
<span>
        crbe9tm7n 
</span> ",20,55,  ( 2008-03-10 )  
,,,
" IRTFTWMB--jonathannelson "">
<span>
        lnnhsonoajtaen 
</span> ",2,50,  ( 2008-03-21 )  
,,,
" ACIUOJER--naffis "">
<span>
        ffsain 
</span> ",28,73,  ( 2008-03-25 )  
,,,
" FBHBLEXP--rayvinly "">
<span>
        rayvinly  
        </span> ",11,   *  313     ,  ( 2008-03-26 )  
,,,
,,,
" XXHBDNKU--jondkinney "">
<span>
        jondkinney  
        </span> ",73,95,  ( 2008-04-03 )  
,,,
" QKYABUTV--thadd "">
<span>
        hdtad 
</span> ",22,63,  ( 2008-04-03 )  
,,,
" LDNTAXAX--raecoo "">
<span>
        ceoaro 
</span> ",20,98,  ( 2008-04-04 )  
,,,
,,,
" JKODIUPB--yong "">
<span>
        yong  
        </span> ",17,52,  ( 2008-04-08 )  
,,,
" LTMJWOZR--janx "">
<span>
        janx  
        </span> ",103,   *  1042     ,  ( 2008-04-09 )  
,,,
" MUKNSXNK--poshboytl "">
<span>
        poyslbhto 
</span> ",96,   *  629     ,  ( 2008-04-09 )  
,,,
" LWMXRKRB--lgn21st "">
<span>
        slt1gn2 
</span> ",92,   *  679     ,  ( 2008-04-13 )  
,,,
" HQTRXRXE--beenhero "">
<span>
        beenhero  
        </span> ",25,   *  190     ,  ( 2008-04-22 )  
,,,
" GUNJRXPD--flipsasser "">
<span>
        flipsasser  
        </span> ",18,86,  ( 2008-04-26 )  
,,,
" XCVCGPVT--peteonrails "">
<span>
        peteonrails  
        </span> ",67,83,  ( 2008-05-07 )  
,,,
" ISPOIYAO--gisikw "">
<span>
        gisikw  
        </span> ",57,   *  108     ,  ( 2008-05-13 )  
,,,
,,,
" RHMSUURA--ssoper "">
<span>
        ssoper  
        </span> ",52,89,  ( 2008-06-05 )  
,,,
,,,
,,,
" GLLXDQMD--rociiu "">
<span>
        uiroic 
</span> ",76,   *  112     ,  ( 2008-09-10 )  
,,,
" AFEGYAHO--davidpots "">
<span>
        davidpots  
        </span> ",46,77,  ( 2008-10-16 )  
,,,
" TFBQKDHL--tomz "">
<span>
        tomz  
        </span> ",132,   *  111     ,  ( 2008-11-01 )  
,,,
" SAUJNQGV--topfunky "">
<span>
        topfunky  
        </span> ",86,   *  1291     ,  ( 2008-01-15 )  
,,,
" DGLTTDLV--atmos "">
<span>
        ostam 
</span> ",170,   *  1270     ,  ( 2008-01-22 )  
,,,
" XFMOPVYX--jcrosby "">
<span>
        jcrosby  
        </span> ",28,   *  184     ,  ( 2008-02-07 )  
,,,
" NCOINWVC--olleolleolle "">
<span>
        olleolleolle  
        </span> ",1406,   *  317     ,  ( 2008-02-13 )  
,,,
" ITMGBLOE--sco "">
<span>
        sco  
        </span> ",32,   *  513     ,  ( 2008-02-16 )  
,,,
" YXCOIZBB--bumi "">
<span>
        bumi  
        </span> ",172,   *  395     ,  ( 2008-02-16 )  
,,,
" EYGXFTHK--brupm "">
<span>
        brupm  
        </span> ",31,56,  ( 2008-02-17 )  
,,,
" YQJTSGJQ--brett "">
<span>
        ebrtt 
</span> ",17,39,  ( 2008-02-20 )  
,,,
" VECNAGAO--luke0x "">
<span>
        luke0x  
        </span> ",27,93,  ( 2008-02-26 )  
,,,
" FACSKIGA--rmoriz "">
<span>
        rmoriz  
        </span> ",82,   *  176     ,  ( 2008-02-28 )  
,,,
" NPAMSAPU--lgs "">
<span>
        lgs  
        </span> ",1076,   *  146     ,  ( 2008-02-28 )  
,,,
" UVLNDUPS--xavi "">
<span>
        viax 
</span> ",15,39,  ( 2008-02-28 )  
,,,
" UYILUSCQ--chipski "">
<span>
        cikhpis 
</span> ",18,25,  ( 2008-03-04 )  
,,,
" KAKLMUBB--adamstac "">
<span>
        adamstac  
        </span> ",103,   *  734     ,  ( 2008-03-12 )  
,,,
" FGHWUOBN--jcfischer "">
<span>
        jcfischer  
        </span> ",72,54,  ( 2008-03-14 )  
,,,
" RBZGCDZK--lazzarello "">
<span>
        lazzarello  
        </span> ",152,   *  169     ,  ( 2008-03-26 )  
,,,
,,,
" YSXEOFFR--bkerley "">
<span>
        bkerley  
        </span> ",233,   *  202     ,  ( 2008-04-02 )  
,,,
" GRGGUWLI--beppu "">
<span>
        beppu  
        </span> ",41,   *  128     ,  ( 2008-04-03 )  
,,,
" NOMCUJCO--azisaka "">
<span>
        azisaka  
        </span> ",1,72,  ( 2008-04-03 )  
,,,
" XFRQIXLQ--ivanoats "">
<span>
        ivanoats  
        </span> ",359,   *  290     ,  ( 2008-04-03 )  
,,,
" BBESOPSG--artob "">
<span>
        artob  
        </span> ",36,   *  447     ,  ( 2008-04-04 )  
,,,
" VUGEUDLJ--lostinpatterns "">
<span>
        pnnstlitaesrot 
</span> ",16,12,  ( 2008-04-05 )  
,,,
" OJQLQBKP--darwin "">
<span>
        darwin  
        </span> ",143,   *  706     ,  ( 2008-04-06 )  
,,,
" GZEKTIOJ--kij "">
<span>
        jik 
</span> ",10,15,  ( 2008-04-08 )  
,,,
" CXVMAYKT--hnchuong "">
<span>
        hguohcnn 
</span> ",3,6,  ( 2008-04-13 )  
,,,
" TAMWMELB--membogg "">
<span>
        membogg  
        </span> ",4,17,  ( 2008-04-16 )  
,,,
" TXVWXCDL--bcurren "">
<span>
        bcurren  
        </span> ",33,39,  ( 2008-04-27 )  
,,,
" YXHTMIZO--watson "">
<span>
        watson  
        </span> ",388,   *  1723     ,  ( 2008-05-17 )  
,,,
" TOATYCJH--igrigorik "">
<span>
        iiroikggr 
</span> ",75,   *  8404     ,  ( 2008-05-18 )  
,,,
" IXTVCVUJ--allanfreitas "">
<span>
        allanfreitas  
        </span> ",239,59,  ( 2010-06-13 )  
,,,
" PJBBDIMN--KevinHock "">
<span>
        nekKvociH 
</span> ",39,   *  4695     ,  ( 2012-12-19 )  
,,,
" XECGAMBC--rodrigooler "">
<span>
        rodrigooler  
        </span> ",204,   *  1224     ,  ( 2013-09-19 )  
,,,
,,,
" CYSKFVKB--ijagjeet "">
<span>
        jejegait 
</span> ",41,   *  2230     ,  ( 2018-12-19 )  
,,,
" CNFTUWQV--superisaac "">
<span>
        ascerapusi 
</span> ",59,62,  ( 2008-06-04 )  
,,,
" UDSZYNSF--blanu "">
<span>
        ualnb 
</span> ",86,   *  134     ,  ( 2008-11-20 )  
,,,
" KCGFSYTB--jserv "">
<span>
        jserv  
        </span> ",113,   *  3403     ,  ( 2010-11-12 )  
,,,
" GPOBLJHG--trietptm "">
<span>
        trietptm  
        </span> ",198,   *  1355     ,  ( 2010-12-17 )  
,,,
" ICKMJVXZ--mbautin "">
<span>
        binuatm 
</span> ",144,   *  1328     ,  ( 2011-01-08 )  
,,,
" NHBSEXOO--KJlmfe "">
<span>
        KJlmfe  
        </span> ",65,95,  ( 2011-12-03 )  
,,,
" VCKSXGMD--ChunMengLu "">
<span>
        ChunMengLu  
        </span> ",13,   *  136     ,  ( 2012-08-08 )  
,,,
" WNPHUVCT--KevinHock "">
<span>
        eKiokncHv 
</span> ",39,   *  4695     ,  ( 2012-12-19 )  
,,,
" DUMHBHWT--ankitshah009 "">
<span>
        ankitshah009  
        </span> ",1466,   *  145     ,  ( 2013-02-09 )  
,,,
" WARZEVCD--hehead "">
<span>
        headhe 
</span> ",1,   *  641     ,  ( 2013-05-12 )  
,,,
" XKGEDFME--vlordier "">
<span>
        vlordier  
        </span> ",33,   *  375     ,  ( 2013-09-12 )  
,,,
" DVSZGJWW--angusshire "">
<span>
        ahignssrue 
</span> ",18,   *  12326     ,  ( 2013-11-07 )  
,,,
" CCJGSHKN--SummerCHINA "">
<span>
        CArmIeNSmuH 
</span> ",1,1,  ( 2013-11-14 )  
,,,
" QDQXGGZA--ddjjj "">
<span>
        ddjjj  
        </span> ",0,0,  ( 2013-12-11 )  
,,,
" NWNLWELI--dalinhuang99 "">
<span>
        9l9hgaaunnid 
</span> ",-1,-1,  ( 0000-00-00 )  
,,,
" YIUEGWLZ--MichalPaszkiewicz "">
<span>
        lePzwkiaashciiMcz 
</span> ",66,   *  5384     ,  ( 2014-02-13 )  
,,,
" ULJZQHBJ--tchnorider "">
<span>
        tchnorider  
        </span> ",16,   *  290     ,  ( 2015-09-04 )  
,,,
" ETFKRZOD--Lisprez "">
<span>
        riLeszp 
</span> ",411,   *  1154     ,  ( 2015-09-23 )  
,,,
" CXTOMLFJ--Linux-Player "">
<span>
        Linux-Player  
        </span> ",2,   *  1200     ,  ( 2016-10-10 )  
,,,
" OLZPUPLE--minsle "">
<span>
        minsle  
        </span> ",2,   *  680     ,  ( 2017-03-10 )  
,,,
" ZWOTQNEV--xiaolan98 "">
<span>
        xiaolan98  
        </span> ",20,5,  ( 2017-09-13 )  
,,,
" JITGMAAB--andresurepno "">
<span>
        andresurepno  
        </span> ",0,11,  ( 2017-12-07 )  
,,,
" MITPBOCL--s6dyl "">
<span>
        yl6sd 
</span> ",-1,-1,  ( 0000-00-00 )  
,,,
" MIZXIJEF--haobuxia "">
<span>
        aixohuab 
</span> ",11,3,  ( 2018-09-23 )  
,,,
" HEAWTPBI--snowwhite-boss "">
<span>
        snowwhite-boss  
        </span> ",-1,-1,  ( 0000-00-00 )  
,,,
" VUQZXRZY--glhewett "">
<span>
        glhewett  
        </span> ",30,18,  ( 2008-04-18 )  
,,,
" AGVMWUVJ--springnet "">
<span>
        springnet  
        </span> ",3,4,  ( 2008-06-14 )  
,,,
" OBCDFHUW--herestomwiththeweather "">
<span>
        herestomwiththeweather  
        </span> ",47,58,  ( 2008-07-07 )  
,,,
" RSLPRDVG--codeodor "">
<span>
        deoordoc 
</span> ",108,37,  ( 2008-09-06 )  
,,,
" TRPJXWOB--cmavromoustakos "">
<span>
        cmavromoustakos  
        </span> ",23,32,  ( 2009-08-03 )  
,,,
" ZCAWKIAO--benwbrum "">
<span>
        benwbrum  
        </span> ",26,86,  ( 2010-02-09 )  
,,,
" WKIOFLHM--mashiox "">
<span>
        mhxsoai 
</span> ",47,52,  ( 2010-06-18 )  
,,,
" MTUSIKZP--davesag "">
<span>
        segvada 
</span> ",121,82,  ( 2010-09-04 )  
,,,
" YBORNAYW--shpytalenko "">
<span>
        shpytalenko  
        </span> ",54,2,  ( 2011-01-20 )  
,,,
" SZWFYMJD--ssdavenport "">
<span>
        ssdavenport  
        </span> ",14,9,  ( 2011-05-27 )  
,,,
" UOKIUVQB--haileypate "">
<span>
        yeaihaeptl 
</span> ",38,22,  ( 2011-10-04 )  
,,,
" TQKDVAFT--bishopZ "">
<span>
        bishopZ  
        </span> ",47,58,  ( 2011-10-19 )  
,,,
" BMWYKIDQ--brianckeegan "">
<span>
        nagbekincaer 
</span> ",31,   *  141     ,  ( 2015-11-10 )  
,,,
" SXNYHEOH--MaxValue "">
<span>
        MaxValue  
        </span> ",35,41,  ( 2012-02-17 )  
,,,
" MJRZDEDX--shamio "">
<span>
        ahsimo 
</span> ",2,   *  663     ,  ( 2012-03-11 )  
,,,
" EQOOPISW--exgalaxy "">
<span>
        exgalaxy  
        </span> ",2,1,  ( 2012-03-13 )  
,,,
,,,
" VPFFSCDB--aachokey "">
<span>
        aahkcyeo 
</span> ",21,41,  ( 2013-05-27 )  
,,,
" AUJEQAIX--atsiarenia "">
<span>
        iaeantairs 
</span> ",2,14,  ( 2013-10-21 )  
,,,
" FXSJEPER--angusshire "">
<span>
        hsnesgariu 
</span> ",18,   *  12326     ,  ( 2013-11-07 )  
,,,
" YXPEVVJG--hsinjoulin "">
<span>
        usnilhnjoi 
</span> ",3,1,  ( 2015-03-04 )  
,,,
" SSGVRDQV--bobbyahines "">
<span>
        bshbobeiayn 
</span> ",28,9,  ( 2015-03-07 )  
,,,
" VAUFRVOC--danielirimia "">
<span>
        danielirimia  
        </span> ",27,17,  ( 2015-04-01 )  
,,,
" JCZYURGP--m-ezekiel "">
<span>
        eezl-iemk 
</span> ",32,18,  ( 2015-04-23 )  
,,,
" BBWZHAXN--pennyone00 "">
<span>
        eon00pynen 
</span> ",0,2,  ( 2015-10-29 )  
,,,
" WJDFCEOG--laurenrenaud "">
<span>
        laurenrenaud  
        </span> ",22,11,  ( 2016-01-09 )  
,,,
" LLRPSEDE--EricAtMSFT "">
<span>
        EricAtMSFT  
        </span> ",4,9,  ( 2016-02-19 )  
,,,
" RRBRBYCH--laconc "">
<span>
        laconc  
        </span> ",8,17,  ( 2016-07-12 )  
,,,
" KWJPOOQG--stevemclaugh "">
<span>
        stevemclaugh  
        </span> ",28,28,  ( 2016-07-26 )  
,,,
" MZMHWGML--thezedwards "">
<span>
        drzwahseted 
</span> ",497,   *  569     ,  ( 2016-12-12 )  
,,,
" HFENKSOH--pablete "">
<span>
        pbaetle 
</span> ",25,72,  ( 2008-02-19 )  
,,,
" LLYDBZLA--tel "">
<span>
        tel  
        </span> ",195,   *  212     ,  ( 2008-02-27 )  
,,,
" VXJIRNLV--anandkunal "">
<span>
        andlnanaku 
</span> ",7,100,  ( 2008-02-28 )  
,,,
" PYRABWMB--ask "">
<span>
        ask  
        </span> ",86,   *  1896     ,  ( 2008-02-28 )  
,,,
" MSCAEIPC--jiahao "">
<span>
        ahaoji 
</span> ",142,   *  588     ,  ( 2008-02-29 )  
,,,
" CKYIDONQ--mmcgrana "">
<span>
        mmcgrana  
        </span> ",60,   *  1073     ,  ( 2008-03-06 )  
,,,
" KVLPFSZF--tmm1 "">
<span>
        tmm1  
        </span> ",314,   *  2354     ,  ( 2008-03-08 )  
,,,
" TJZTORGG--mokeefe "">
<span>
        moefkee 
</span> ",1,20,  ( 2008-03-25 )  
,,,
" MWFMBFEJ--ttriche "">
<span>
        etrhtic 
</span> ",176,   *  176     ,  ( 2008-04-02 )  
,,,
" HCRSOSJY--gdeglin "">
<span>
        glneidg 
</span> ",26,56,  ( 2008-04-04 )  
,,,
" QWNTRACU--dehora "">
<span>
        arhedo 
</span> ",46,85,  ( 2008-04-06 )  
,,,
" AGPBARTY--ryanking "">
<span>
        kryanngi 
</span> ",34,   *  247     ,  ( 2008-04-07 )  
,,,
" YIMZJMEB--mrflip "">
<span>
        primfl 
</span> ",144,   *  269     ,  ( 2008-04-09 )  
,,,
" BOOEFDGN--dcreager "">
<span>
        gracreed 
</span> ",89,   *  231     ,  ( 2008-04-15 )  
,,,
" NNXLYGMJ--dlwh "">
<span>
        dlwh  
        </span> ",47,   *  295     ,  ( 2008-05-07 )  
,,,
" TIXIOMFA--jmalonzo "">
<span>
        jnzoloam 
</span> ",67,83,  ( 2008-06-01 )  
,,,
" EFCNDQXN--dustinwhittle "">
<span>
        hudiettwnltsi 
</span> ",1,   *  274     ,  ( 2008-06-01 )  
,,,
" QULEONQG--fredrik "">
<span>
        eifdkrr 
</span> ",58,72,  ( 2008-06-06 )  
,,,
" DYDLILBD--jonbaer "">
<span>
        jonbaer  
        </span> ",293,   *  166     ,  ( 2008-06-10 )  
,,,
" NIGDIOWA--massie "">
<span>
        emasis 
</span> ",39,   *  120     ,  ( 2008-08-04 )  
,,,
" TSZBGNYX--EricPKerr "">
<span>
        EricPKerr  
        </span> ",56,36,  ( 2008-08-11 )  
,,,
" BQMCAHMX--fmu "">
<span>
        fmu  
        </span> ",2,6,  ( 2008-08-25 )  
,,,
" GJRABQTI--aparo "">
<span>
        aparo  
        </span> ",151,   *  149     ,  ( 2008-10-08 )  
,,,
" DUMXSHJZ--so "">
<span>
        so 
</span> ",0,20,  ( 2008-10-21 )  
,,,
" FLVNTRNW--gourneau "">
<span>
        ouaernug 
</span> ",75,69,  ( 2008-10-22 )  
,,,
" RLPCRNYQ--ret "">
<span>
        ret  
        </span> ",19,37,  ( 2008-11-09 )  
,,,
" KDVUXRXY--latrokles "">
<span>
        latrokles  
        </span> ",24,56,  ( 2008-11-18 )  
,,,
" FWIXRBNN--linkerlin "">
<span>
        linkerlin  
        </span> ",311,   *  155     ,  ( 2008-11-28 )  
,,,
" TYWXQXPS--matteobertozzi "">
<span>
        riteeobotmazzt 
</span> ",23,65,  ( 2008-12-04 )  
,,,
" JZSWXFSN--travisbrady "">
<span>
        travisbrady  
        </span> ",58,94,  ( 2008-12-04 )  
,,,
" SMHVBRRH--cwsaylor "">
<span>
        rlscaowy 
</span> ",25,41,  ( 2008-02-14 )  
,,,
" TWROHSJH--edgar "">
<span>
        grade 
</span> ",129,52,  ( 2008-09-12 )  
,,,
" GCASXZHM--miamiruby "">
<span>
        yuarmiibm 
</span> ",130,58,  ( 2008-10-16 )  
,,,
" MLIYMBMY--maca "">
<span>
        maca  
        </span> ",91,   *  101     ,  ( 2008-10-19 )  
,,,
" OFJBALJU--miamiartexchange "">
<span>
        miamiartexchange  
        </span> ",2,6,  ( 2008-10-25 )  
,,,
" VGKUACXA--maggit "">
<span>
        ggmati 
</span> ",50,   *  279     ,  ( 2008-11-07 )  
,,,
" TYLBTUHG--willywg "">
<span>
        iglywwl 
</span> ",41,45,  ( 2009-01-01 )  
,,,
" VCLPJCTH--jjuarez "">
<span>
        jzrueaj 
</span> ",126,52,  ( 2009-01-20 )  
,,,
" KBVVUTGE--chillicoder "">
<span>
        oldeclihcir 
</span> ",161,   *  120     ,  ( 2009-01-25 )  
,,,
" HYLIVFBS--endymion "">
<span>
        meonindy 
</span> ",97,26,  ( 2009-02-06 )  
,,,
" QGPQLFQL--xalakox "">
<span>
        xalakox  
        </span> ",22,28,  ( 2009-03-17 )  
,,,
" TGXFWYHY--carlitos "">
<span>
        carlitos  
        </span> ",27,82,  ( 2009-03-25 )  
,,,
" OEUSMXAH--christianrojas "">
<span>
        christianrojas  
        </span> ",11,36,  ( 2009-06-04 )  
,,,
" XMHSAORQ--scifisamurai "">
<span>
        rsuiiicamafs 
</span> ",12,32,  ( 2009-09-28 )  
,,,
" VYMYPUQT--uokesita "">
<span>
        uoieastk 
</span> ",64,   *  178     ,  ( 2009-10-13 )  
,,,
" UOLMTKPD--guilleiguaran "">
<span>
        guilleiguaran  
        </span> ",258,   *  623     ,  ( 2009-12-02 )  
,,,
" SLAXTKCG--shmangles "">
<span>
        esmahnsgl 
</span> ",3,2,  ( 2010-01-23 )  
,,,
" GYFETBWI--grunch "">
<span>
        nrhucg 
</span> ",72,79,  ( 2010-03-23 )  
,,,
" TQMDVTWF--hugoerg56 "">
<span>
        hugoerg56  
        </span> ",31,20,  ( 2010-05-21 )  
,,,
" DZGSKMTS--betacar "">
<span>
        rbtcaea 
</span> ",27,36,  ( 2010-07-06 )  
,,,
" PNNXKVCE--mattsgarrison "">
<span>
        mattsgarrison  
        </span> ",78,17,  ( 2010-08-12 )  
,,,
" XICLUARS--iamhabitat "">
<span>
        mbaiahitat 
</span> ",24,8,  ( 2010-09-16 )  
,,,
" XCYHOOOP--albertogg "">
<span>
        albertogg  
        </span> ",47,90,  ( 2010-10-24 )  
,,,
" ZTCBISQD--Chelo "">
<span>
        oeChl 
</span> ",5,10,  ( 2011-01-29 )  
,,,
" JZFKFOZT--ajsb85 "">
<span>
        ajsb85  
        </span> ",438,   *  925     ,  ( 2011-03-11 )  
,,,
" MUZSFKHD--esneider "">
<span>
        esneider  
        </span> ",47,   *  145     ,  ( 2011-03-13 )  
,,,
" CBREVBEE--ainame "">
<span>
        ainema 
</span> ",139,   *  291     ,  ( 2011-04-24 )  
,,,
" MPMDINHM--josemontesdeoca "">
<span>
        josemontesdeoca  
        </span> ",11,48,  ( 2011-05-01 )  
,,,
" NAEPJMQG--javadabadoo "">
<span>
        javadabadoo  
        </span> ",21,30,  ( 2011-05-05 )  
,,,
" QYOJRTSJ--ahmetabdi "">
<span>
        ahmetabdi  
        </span> ",154,   *  709     ,  ( 2011-05-09 )  
,,,
" KSONUJWB--alfredwesterveld "">
<span>
        alfredwesterveld  
        </span> ",52,64,  ( 2008-04-13 )  
,,,
" ZAOKVFGU--morganrallen "">
<span>
        eaglnrlmnoar 
</span> ",107,54,  ( 2008-09-02 )  
,,,
" HHYCXPID--aral "">
<span>
        aral  
        </span> ",498,   *  620     ,  ( 2008-12-20 )  
,,,
" KEWAOTYQ--mattorb "">
<span>
        mattorb  
        </span> ",39,44,  ( 2009-03-09 )  
,,,
" MWDIWGNT--elango "">
<span>
        elango  
        </span> ",73,43,  ( 2009-03-20 )  
,,,
" IPAIYIXN--andresdouglas "">
<span>
        andresdouglas  
        </span> ",33,21,  ( 2009-04-10 )  
,,,
" SUARDLXU--leereilly "">
<span>
        leereilly  
        </span> ",402,   *  1733     ,  ( 2009-08-31 )  
,,,
" HFDZALRN--arfrank "">
<span>
        afrnkra 
</span> ",51,26,  ( 2009-09-16 )  
,,,
" QGNTXAGF--jkatzer "">
<span>
        jkatzer  
        </span> ",89,59,  ( 2009-11-13 )  
,,,
" CNMOIJTT--Skyhoper "">
<span>
        yephrokS 
</span> ",1,4,  ( 2009-11-17 )  
,,,
" DTJHYKVG--CubeSpawn "">
<span>
        pCwneabSu 
</span> ",8,   *  107     ,  ( 2009-12-07 )  
,,,
" YAJGUPDF--adkdev "">
<span>
        adkdev  
        </span> ",5,27,  ( 2010-03-03 )  
,,,
" QNCVIGYG--Poincare "">
<span>
        eanoPcri 
</span> ",49,98,  ( 2010-03-06 )  
,,,
" ZAKRNPPP--watcherdm "">
<span>
        hwmertdca 
</span> ",104,56,  ( 2010-05-05 )  
,,,
" MJWVOYLK--broccolini "">
<span>
        broccolini  
        </span> ",43,   *  1956     ,  ( 2010-07-17 )  
,,,
" AEYYXXAL--gavinuhma "">
<span>
        avihaumgn 
</span> ",28,   *  147     ,  ( 2010-09-17 )  
,,,
" NAYNKGYE--marothstein "">
<span>
        marothstein  
        </span> ",41,49,  ( 2010-10-12 )  
,,,
" UGCYNXTJ--jefftrudeau "">
<span>
        eauftdjreuf 
</span> ",9,8,  ( 2010-11-19 )  
,,,
" XIKVHUTT--freewil "">
<span>
        freewil  
        </span> ",127,   *  101     ,  ( 2011-04-08 )  
,,,
" XGGVXBVH--jaybny "">
<span>
        jaybny  
        </span> ",25,15,  ( 2011-05-09 )  
,,,
" CKDSNWKB--STUNT101 "">
<span>
        STUNT101  
        </span> ",0,71,  ( 2011-05-15 )  
,,,
" PMWNBROH--josephhabib "">
<span>
        besbjohiahp 
</span> ",5,4,  ( 2011-07-15 )  
,,,
" TJJOMNFR--Hungsta "">
<span>
        gsHnuat 
</span> ",4,32,  ( 2011-07-28 )  
,,,
" OZVWOILJ--wemeetagain "">
<span>
        wemeetagain  
        </span> ",75,   *  130     ,  ( 2012-01-18 )  
,,,
" BWQKZWGH--oggata "">
<span>
        ggtaao 
</span> ",162,46,  ( 2012-01-20 )  
,,,
" RZDINHSC--tigefa4u "">
<span>
        tigefa4u  
        </span> ",265,   *  456     ,  ( 2012-03-02 )  
,,,
" CHZOSVAS--JSansalone "">
<span>
        aaJosnSenl 
</span> ",8,   *  281     ,  ( 2012-06-08 )  
,,,
" TRKVKPUF--csjaba "">
<span>
        csjaba  
        </span> ",53,   *  853     ,  ( 2012-09-22 )  
,,,
,,,
" JRECLZHN--zulhfreelancer "">
<span>
        zulhfreelancer  
        </span> ",205,   *  157     ,  ( 2013-01-29 )  
,,,
" NAXLPPAH--shanesveller "">
<span>
        sshleenrelva 
</span> ",102,96,  ( 2008-02-25 )  
,,,
" PTEDOCHD--ivan "">
<span>
        aivn 
</span> ",6,   *  144     ,  ( 2008-04-03 )  
,,,
" NGXWWCTQ--ryantm "">
<span>
        tanmry 
</span> ",238,   *  156     ,  ( 2008-04-03 )  
,,,
" HKYCIJWV--teehemkay "">
<span>
        teehemkay  
        </span> ",12,20,  ( 2008-04-04 )  
,,,
" ZNLNGMHL--dejanr "">
<span>
        dejanr  
        </span> ",43,56,  ( 2008-07-26 )  
,,,
" SWRPHHDV--bbigras "">
<span>
        igbasrb 
</span> ",170,36,  ( 2008-09-10 )  
,,,
" IITZNKEZ--RobLoach "">
<span>
        RobLoach  
        </span> ",791,   *  372     ,  ( 2008-09-18 )  
,,,
" FIGVSSFB--godane "">
<span>
        godane  
        </span> ",31,14,  ( 2008-10-07 )  
,,,
" WQHWYYOG--h4ck3rm1k3 "">
<span>
        h4ck3rm1k3  
        </span> ",1247,   *  563     ,  ( 2008-11-17 )  
,,,
" FOOJESDS--joachifm "">
<span>
        joachifm  
        </span> ",29,47,  ( 2008-12-21 )  
,,,
" WWKFCLDW--jb55 "">
<span>
        b55j 
</span> ",536,   *  399     ,  ( 2009-01-10 )  
,,,
" NQVZYQXJ--newhoggy "">
<span>
        newhoggy  
        </span> ",74,84,  ( 2009-03-13 )  
,,,
" OLXFZFSI--stigtsp "">
<span>
        stipgts 
</span> ",152,77,  ( 2009-04-19 )  
,,,
" YCEADEIJ--Juiceman "">
<span>
        cmeaiJnu 
</span> ",22,4,  ( 2009-04-26 )  
,,,
" KILNJPTI--plumenator "">
<span>
        npeoltumar 
</span> ",83,78,  ( 2009-07-11 )  
,,,
" YYLDYBKX--rohithadassanayake "">
<span>
        rohithadassanayake  
        </span> ",5,   *  526     ,  ( 2009-07-30 )  
,,,
" PEBLXRNA--573 "">
<span>
        573  
        </span> ",134,78,  ( 2009-09-06 )  
,,,
" VPDCVIZW--samueldr "">
<span>
        samueldr  
        </span> ",110,   *  152     ,  ( 2009-09-29 )  
,,,
" HIVOHKXT--aycanirican "">
<span>
        aycanirican  
        </span> ",55,77,  ( 2009-10-05 )  
,,,
" YVMBFMSU--majorgreys "">
<span>
        rameoyrsjg 
</span> ",45,41,  ( 2009-11-19 )  
,,,
" NJBNJKQW--robbassi "">
<span>
        robbassi  
        </span> ",27,12,  ( 2010-02-04 )  
,,,
" ROIWHXWR--aviraldg "">
<span>
        aviraldg  
        </span> ",75,   *  117     ,  ( 2010-04-07 )  
,,,
" DGIDUKLR--terlar "">
<span>
        terlar  
        </span> ",100,   *  111     ,  ( 2010-05-18 )  
,,,
" HQYCWBQL--EvanMisshula "">
<span>
        lsaauihMvnEs 
</span> ",193,98,  ( 2010-06-09 )  
,,,
" TRWRDTCX--fabianhjr "">
<span>
        fabianhjr  
        </span> ",12,75,  ( 2010-06-13 )  
,,,
" ODRZHZBO--bachp "">
<span>
        apcbh 
</span> ",146,92,  ( 2010-07-16 )  
,,,
" ZHUWYUWH--nckx "">
<span>
        nckx  
        </span> ",37,18,  ( 2010-08-14 )  
,,,
" EYCKOKDL--wolfflow "">
<span>
        wolfflow  
        </span> ",67,56,  ( 2010-08-20 )  
,,,
" GUNHVUAM--timothyklim "">
<span>
        timothyklim  
        </span> ",229,   *  174     ,  ( 2010-09-04 )  
,,,
" ZBEKXFIO--Boyquotes "">
<span>
        Boyquotes  
        </span> ",163,59,  ( 2010-09-27 )  
,,,
" NVTPLMOD--daaku "">
<span>
        daaku  
        </span> ",166,   *  480     ,  ( 2008-02-21 )  
,,,
" RDEMBSNH--benhiller "">
<span>
        benhiller  
        </span> ",15,74,  ( 2008-02-27 )  
,,,
" PHGEFHUH--jubishop "">
<span>
        jiposuhb 
</span> ",40,56,  ( 2008-06-10 )  
,,,
" KMAVWKZN--eston "">
<span>
        eston  
        </span> ",9,   *  141     ,  ( 2009-01-23 )  
,,,
" LORGCYHP--rmatei "">
<span>
        rmatei  
        </span> ",16,49,  ( 2009-01-24 )  
,,,
" ZIPDJZFT--keito "">
<span>
        keito  
        </span> ",2,82,  ( 2009-06-22 )  
,,,
" ISVSMLRP--singerdmx "">
<span>
        singerdmx  
        </span> ",15,   *  446     ,  ( 2009-09-03 )  
,,,
" UVDFSHYF--taoeffect "">
<span>
        taoeffect  
        </span> ",68,   *  249     ,  ( 2009-10-12 )  
,,,
" ECKMYCCS--liveink "">
<span>
        iivklen 
</span> ",76,36,  ( 2009-10-27 )  
,,,
" HGAZEVYI--RaymondCrandall "">
<span>
        RaymondCrandall  
        </span> ",31,79,  ( 2010-05-05 )  
,,,
" QFIOZZDV--dennispi "">
<span>
        dennispi  
        </span> ",7,9,  ( 2010-09-03 )  
,,,
" GRLUZSQK--hj91 "">
<span>
        hj91  
        </span> ",197,32,  ( 2010-09-12 )  
,,,
" DHNIIYBB--mbautin "">
<span>
        mbautin  
        </span> ",144,   *  1328     ,  ( 2011-01-08 )  
,,,
" EQTZUUFD--BrianGator "">
<span>
        BrianGator  
        </span> ",0,5,  ( 2011-01-14 )  
,,,
" SYEZBPOJ--yuanwencong "">
<span>
        wyngenoncua 
</span> ",4,10,  ( 2011-03-18 )  
,,,
" JFARBOPM--rajanand "">
<span>
        rajanand  
        </span> ",31,46,  ( 2011-08-27 )  
,,,
" NVYJBZZN--selimozergun "">
<span>
        rnuogieemzls 
</span> ",4,9,  ( 2011-09-06 )  
,,,
" ELRZKSOD--obfuscat3d "">
<span>
        3fcbtuadso 
</span> ",1,11,  ( 2011-10-10 )  
,,,
" YQSJZPZM--memoar "">
<span>
        eramom 
</span> ",0,0,  ( 2011-11-26 )  
,,,
" BJVKVZSR--Ryanfahiramaulana "">
<span>
        yaaiaalrmnuaaRnhf 
</span> ",0,3,  ( 2011-11-29 )  
,,,
" VLKXEIGI--Zer0Root "">
<span>
        Zer0Root  
        </span> ",3,   *  158     ,  ( 2012-01-02 )  
,,,
" BUQIXTSJ--waibo "">
<span>
        waibo  
        </span> ",190,46,  ( 2012-01-03 )  
,,,
" LPHUWJUT--ChrisMoney "">
<span>
        hrenCMoyis 
</span> ",0,26,  ( 2012-01-15 )  
,,,
" PHLZKEHJ--vrnithinkumar "">
<span>
        vrnithinkumar  
        </span> ",116,43,  ( 2012-02-07 )  
,,,
" YOLEQAJY--peterprokop "">
<span>
        peterprokop  
        </span> ",74,39,  ( 2012-02-26 )  
,,,
" XLHZAOXP--rajeshvv "">
<span>
        rajeshvv  
        </span> ",168,38,  ( 2012-03-07 )  
,,,
" OKHYBDLF--JurandyBitConnect "">
<span>
        JurandyBitConnect  
        </span> ",3,10,  ( 2012-06-20 )  
,,,
" FSWCRRYR--drewmeyers "">
<span>
        drewmeyers  
        </span> ",1,31,  ( 2012-08-18 )  
,,,
" IQAWXRGG--gnashe "">
<span>
        gnashe  
        </span> ",2,31,  ( 2012-08-30 )  
,,,
,,,
" RXTVVWCK--abhiyerra "">
<span>
        yaibhrrea 
</span> ",129,62,  ( 2008-04-11 )  
,,,
" FURHPADR--brianmario "">
<span>
        brianmario  
        </span> ",33,   *  855     ,  ( 2008-05-26 )  
,,,
" DOUFUSXM--DoktahWorm "">
<span>
        DoktahWorm  
        </span> ",10,11,  ( 2009-10-11 )  
,,,
" BFHBHHRD--hmcfletch "">
<span>
        hmcfletch  
        </span> ",35,16,  ( 2008-11-02 )  
,,,
" DSMWPCZY--ericabouaf "">
<span>
        ericabouaf  
        </span> ",109,99,  ( 2008-12-09 )  
,,,
" PAXQQOSL--jpf "">
<span>
        jpf  
        </span> ",157,   *  288     ,  ( 2008-12-19 )  
,,,
" GTMTAMEG--hellojwilde "">
<span>
        hellojwilde  
        </span> ",49,44,  ( 2009-01-05 )  
,,,
" CSGSTYUD--Siim "">
<span>
        Siim  
        </span> ",40,50,  ( 2009-01-05 )  
,,,
" EOJIDXUY--minglecm "">
<span>
        minglecm  
        </span> ",35,78,  ( 2009-01-10 )  
,,,
" JXTGNBSB--gcollazo "">
<span>
        caloozgl 
</span> ",89,   *  420     ,  ( 2009-03-07 )  
,,,
" FIFKFJJE--allangrant "">
<span>
        allangrant  
        </span> ",15,35,  ( 2009-03-12 )  
,,,
" YKULVHRU--kanzure "">
<span>
        zaerkun 
</span> ",160,   *  474     ,  ( 2009-07-03 )  
,,,
" BPXKMDRV--seanahrens "">
<span>
        seanahrens  
        </span> ",18,15,  ( 2009-07-29 )  
,,,
" IZCGWYNV--adamJLev "">
<span>
        adamJLev  
        </span> ",40,27,  ( 2010-01-23 )  
,,,
" XDNGDDAX--danstorms "">
<span>
        rmasotnds 
</span> ",7,8,  ( 2010-08-09 )  
,,,
" UGJSRAYV--naharris212 "">
<span>
        naharris212  
        </span> ",0,5,  ( 2010-11-24 )  
,,,
" HWSHLIKR--davidkuchar "">
<span>
        davidkuchar  
        </span> ",26,28,  ( 2010-11-30 )  
,,,
,,,
" SDXTMRMX--brajadorable "">
<span>
        brajadorable  
        </span> ",11,47,  ( 2011-05-10 )  
,,,
" HNYBVWJN--SourceBoy "">
<span>
        SourceBoy  
        </span> ",6,3,  ( 2011-05-16 )  
,,,
" XALRGTSN--jsonmaur "">
<span>
        jsonmaur  
        </span> ",32,   *  183     ,  ( 2011-07-12 )  
,,,
" YEVTTUEA--macressler "">
<span>
        esacsrlmre 
</span> ",947,   *  300     ,  ( 2011-11-16 )  
,,,
" STGROJYE--MnkyPwz "">
<span>
        wyzknPM 
</span> ",20,17,  ( 2012-01-01 )  
,,,
" GGNCJFXM--toxtli "">
<span>
        loittx 
</span> ",1150,   *  2113     ,  ( 2012-01-02 )  
,,,
" HALLYCEQ--Bunlong "">
<span>
        ugnlnoB 
</span> ",215,   *  1866     ,  ( 2012-01-06 )  
,,,
" BMTIBDVR--b3bakyt "">
<span>
        yakt3bb 
</span> ",16,3,  ( 2012-02-23 )  
,,,
" FECGPWAP--dumpytown "">
<span>
        dumpytown  
        </span> ",2,11,  ( 2012-05-04 )  
,,,
" WTJMBTJK--csjaba "">
<span>
        acsabj 
</span> ",53,   *  853     ,  ( 2012-09-22 )  
,,,
" MPWMMBUX--robbyrob42 "">
<span>
        robbyrob42  
        </span> ",10,8,  ( 2012-10-10 )  
,,,
" NBBDQXLM--benjaminmbrown "">
<span>
        bnnrnwoeijmmba 
</span> ",130,43,  ( 2012-10-11 )  
,,,
" GUVVTGPC--mountain "">
<span>
        mountain  
        </span> ",67,   *  262     ,  ( 2008-02-25 )  
,,,
,,,
" POZJVJGJ--collin "">
<span>
        collin  
        </span> ",236,   *  178     ,  ( 2008-04-18 )  
,,,
" BZARWUXS--j2nick20"">
<span>
        j2nick20 
        </span> ",1,20,  ( 2014-03-32 )  
,,,
" BJZTHLUK--ZenCocoon "">
<span>
        ceonoonZC 
</span> ",73,36,  ( 2008-05-16 )  
,,,
" MXRRCJWU--wouterdebres "">
<span>
        uesbeedrwrot 
</span> ",3,6,  ( 2008-05-19 )  
,,,
" INFEFKKP--henrygarner "">
<span>
        henrygarner  
        </span> ",109,82,  ( 2008-09-14 )  
,,,
" DSKYCNXF--shanx "">
<span>
        nsxha 
</span> ",80,32,  ( 2008-10-06 )  
,,,
" APWWDEPR--andreypopp "">
<span>
        andreypopp  
        </span> ",444,   *  865     ,  ( 2008-10-23 )  
,,,
" QPRTTUGZ--mathieuravaux "">
<span>
        miuravauhaxte 
</span> ",127,96,  ( 2008-12-05 )  
,,,
" FAADYYJW--stonegao "">
<span>
        onotaegs 
</span> ",140,   *  292     ,  ( 2008-12-22 )  
,,,
" TEVVBDFQ--bobpoekert "">
<span>
        bobpoekert  
        </span> ",97,85,  ( 2009-01-10 )  
,,,
" RCNDBAMM--ticean "">
<span>
        tiaecn 
</span> ",62,75,  ( 2009-01-15 )  
,,,
" GFGPMPNC--karsthammer "">
<span>
        tmrksehraam 
</span> ",49,13,  ( 2009-03-23 )  
,,,
" FNYNKRDY--kirillsalykin "">
<span>
        kirillsalykin  
        </span> ",23,13,  ( 2009-10-07 )  
,,,
" GYRYAKWG--bcambel "">
<span>
        bcambel  
        </span> ",74,   *  113     ,  ( 2009-10-25 )  
,,,
" GEEBAEPN--davidself "">
<span>
        davidself  
        </span> ",3,13,  ( 2009-12-01 )  
,,,
" CAXFKGXU--alexanderdean "">
<span>
        alexanderdean  
        </span> ",6,   *  204     ,  ( 2010-02-09 )  
,,,
" XUSFSRAY--markkorput "">
<span>
        ruaopktmkr 
</span> ",143,21,  ( 2010-02-18 )  
,,,
" RBDRLVLL--pereferrera "">
<span>
        arefrerpeer 
</span> ",19,47,  ( 2010-04-27 )  
,,,
" YIJJQGHO--RaymondCrandall "">
<span>
        yaloCnalRddrman 
</span> ",31,79,  ( 2010-05-05 )  
,,,
" AXKELUKN--vizanto "">
<span>
        nvtizao 
</span> ",55,60,  ( 2010-07-08 )  
,,,
" VKQOVXZA--gijzelaerr "">
<span>
        gijzelaerr  
        </span> ",167,   *  154     ,  ( 2010-07-08 )  
,,,
" ZISNXRCF--nathan-gs "">
<span>
        nathan-gs  
        </span> ",54,24,  ( 2010-07-13 )  
,,,
" NPCSTLXW--domenicosolazzo "">
<span>
        domenicosolazzo  
        </span> ",426,   *  206     ,  ( 2010-09-03 )  
,,,
" CDFCJQCA--michielbdejong "">
<span>
        eicgmndeljibho 
</span> ",402,   *  282     ,  ( 2010-09-20 )  
,,,
" AGRTWZCV--isakib "">
<span>
        ikisab 
</span> ",244,7,  ( 2010-11-11 )  
,,,
" CRFHRBVR--rickbeerendonk "">
<span>
        rickbeerendonk  
        </span> ",74,81,  ( 2010-11-12 )  
,,,
" CPHNQJLU--mschmulen "">
<span>
        mschmulen  
        </span> ",106,83,  ( 2010-11-16 )  
,,,
" YAYJVURX--andresmasegosa "">
<span>
        andresmasegosa  
        </span> ",12,70,  ( 2010-11-25 )  
,,,
" CDUDWICU--jkakar "">
<span>
        kjakra 
</span> ",66,76,  ( 2011-01-13 )  
,,,
" NBWVRRCJ--rbeene "">
<span>
        rbeene  
        </span> ",93,40,  ( 2009-04-02 )  
,,,
" ENSQAAKQ--pechorin "">
<span>
        pechorin  
        </span> ",14,77,  ( 2010-03-19 )  
,,,
" UHKMMVAK--gregdek "">
<span>
        dgkeegr 
</span> ",50,96,  ( 2010-04-25 )  
,,,
" NIBTWFME--forresto "">
<span>
        forresto  
        </span> ",108,   *  192     ,  ( 2010-09-11 )  
,,,
" VDMPUGAH--specious "">
<span>
        specious  
        </span> ",40,   *  151     ,  ( 2010-10-23 )  
,,,
" LNSIZOHH--MattMcFarland "">
<span>
        trFMcalMtdaan 
</span> ",139,   *  243     ,  ( 2011-02-17 )  
,,,
" JRYOOBFC--mrklaw "">
<span>
        wmkrla 
</span> ",2,1,  ( 2011-11-14 )  
,,,
" BVIGIEOS--mohitmun "">
<span>
        mohitmun  
        </span> ",86,75,  ( 2012-03-25 )  
,,,
" YWVQPCUV--kialam "">
<span>
        kialam  
        </span> ",31,5,  ( 2012-09-06 )  
,,,
,,,
" HSJQTQOH--KevinHock "">
<span>
        okHcKeinv 
</span> ",39,   *  4695     ,  ( 2012-12-19 )  
,,,
" KVPSLVSP--cusspvz "">
<span>
        pvszcsu 
</span> ",159,   *  7743     ,  ( 2013-02-15 )  
,,,
,,,
" ORGPLXGS--yikaraman "">
<span>
        ayrimkana 
</span> ",34,5,  ( 2013-09-18 )  
,,,
,,,
" GEXROYZY--MichalPaszkiewicz "">
<span>
        MichalPaszkiewicz  
        </span> ",66,   *  5384     ,  ( 2014-02-13 )  
,,,
" OEHOVDXS--garrisonreid "">
<span>
        enirigsodrra 
</span> ",10,4,  ( 2014-07-17 )  
,,,
" ASJVWACH--bitsondatadev "">
<span>
        bitsondatadev  
        </span> ",28,   *  413     ,  ( 2014-08-25 )  
,,,
" ENITEGQN--dalinnen "">
<span>
        dalinnen  
        </span> ",1,5,  ( 2014-11-04 )  
,,,
" EIWULABS--ypersyntelykos "">
<span>
        ypersyntelykos  
        </span> ",61,   *  669     ,  ( 2014-12-18 )  
,,,
" QPMDPJIY--jbelsky "">
<span>
        jbelsky  
        </span> ",28,6,  ( 2015-01-29 )  
,,,
" CDEBIMNJ--y-ke "">
<span>
        eyk- 
</span> ",7,11,  ( 2015-10-24 )  
,,,
" MLVHYMQF--chrisketchel "">
<span>
        chrisketchel  
        </span> ",0,1,  ( 2015-12-16 )  
,,,
" BFHPZSFP--zhanknight "">
<span>
        nkhznigtah 
</span> ",12,2,  ( 2016-07-16 )  
,,,
" KZAFNDXQ--dehine "">
<span>
        einhde 
</span> ",10,1,  ( 2017-01-16 )  
,,,
" SSQMAFGB--seabre "">
<span>
        eebsar 
</span> ",105,71,  ( 2008-12-22 )  
,,,
" UDORNJON--biomunky "">
<span>
        biomunky  
        </span> ",51,22,  ( 2009-03-26 )  
,,,
" WNYFVTVO--carld "">
<span>
        carld  
        </span> ",130,   *  120     ,  ( 2009-07-14 )  
,,,
" IGWYKTEF--catull "">
<span>
        catull  
        </span> ",33,34,  ( 2009-11-07 )  
,,,
" AFZGZLNU--sidorares "">
<span>
        sidorares  
        </span> ",163,   *  788     ,  ( 2009-12-28 )  
,,,
" RRQHQZXH--deltam "">
<span>
        deltam  
        </span> ",38,33,  ( 2010-01-31 )  
,,,
" HTXZMVQF--karad "">
<span>
        karad  
        </span> ",55,   *  138     ,  ( 2010-02-08 )  
,,,
" VIYMLHII--honnung "">
<span>
        honnung  
        </span> ",2,1,  ( 2011-02-22 )  
,,,
" FJCTOKPU--osteotek "">
<span>
        eoektots 
</span> ",23,22,  ( 2011-03-04 )  
,,,
,,,
" SRECOISP--janfilips "">
<span>
        janfilips  
        </span> ",14,47,  ( 2011-06-23 )  
,,,
" ZCBBSCPE--hemantasapkota "">
<span>
        hemantasapkota  
        </span> ",46,   *  108     ,  ( 2011-07-05 )  
,,,
" CNQNIFPH--rcullito "">
<span>
        ciutlorl 
</span> ",67,43,  ( 2011-07-12 )  
,,,
" KJQTBWIU--yenda "">
<span>
        yenda  
        </span> ",70,49,  ( 2011-11-08 )  
,,,
" JQHFOTYE--fsquillace "">
<span>
        fsquillace  
        </span> ",64,80,  ( 2011-11-26 )  
,,,
" GURUGFIG--Bunlong "">
<span>
        lgBnnou 
</span> ",215,   *  1866     ,  ( 2012-01-06 )  
,,,
" NFDVEIFW--kumavis "">
<span>
        avukmis 
</span> ",436,   *  1167     ,  ( 2012-02-26 )  
,,,
" OSDCHXYB--zhchang "">
<span>
        hgzahcn 
</span> ",20,18,  ( 2012-03-12 )  
,,,
" FCKBVQPP--nabn "">
<span>
        nabn  
        </span> ",27,37,  ( 2012-04-30 )  
,,,
" OGXGZORD--rain1024 "">
<span>
        rain1024  
        </span> ",158,   *  281     ,  ( 2012-05-26 )  
,,,
" HKWGRRQO--viralpandya "">
<span>
        viralpandya  
        </span> ",14,15,  ( 2012-07-26 )  
,,,
" ASCRQDJV--bbss "">
<span>
        bbss  
        </span> ",45,35,  ( 2012-11-09 )  
,,,
" TNJQSUOI--KevinHock "">
<span>
        nkceHKiov 
</span> ",39,   *  4695     ,  ( 2012-12-19 )  
,,,
" HPYXKNJU--cusspvz "">
<span>
        vzsspuc 
</span> ",159,   *  7743     ,  ( 2013-02-15 )  
,,,
" ERCCOGHJ--priornix "">
<span>
        priornix  
        </span> ",9,21,  ( 2013-02-25 )  
,,,
" PJODWZLQ--vladanghene "">
<span>
        galanhevdne 
</span> ",71,33,  ( 2013-03-05 )  
,,,
" CDWSRJRI--akashaku "">
<span>
        akashaku  
        </span> ",7,0,  ( 2013-04-09 )  
,,,
" GCWIFWXP--kalamaznik "">
<span>
        kalamaznik  
        </span> ",16,   *  210     ,  ( 2013-04-15 )  
,,,
" CZZZPFGL--erdos "">
<span>
        erdos  
        </span> ",66,   *  211     ,  ( 2013-09-27 )  
,,,
" UDVOERJA--zhenglu0 "">
<span>
        zhenglu0  
        </span> ",37,   *  699     ,  ( 2013-10-07 )  
,,,
" JLVUBDYF--STRd6 "">
<span>
        STRd6  
        </span> ",234,   *  782     ,  ( 2008-07-30 )  
,,,
" SWSLQEGV--ronenhamias "">
<span>
        ronenhamias  
        </span> ",47,   *  1589     ,  ( 2012-05-04 )  
,,,
,,,
" HGMEXHXI--cusspvz "">
<span>
        csvupzs 
</span> ",159,   *  7743     ,  ( 2013-02-15 )  
,,,
" HJDUYJEH--kinimodmeyer "">
<span>
        dniyeemkmoir 
</span> ",3,14,  ( 2013-02-26 )  
,,,
" PCTYFTWG--laxman954 "">
<span>
        ml9an54xa 
</span> ",69,9,  ( 2013-03-13 )  
,,,
,,,
" SXMPZLNU--cchery101 "">
<span>
        1crh10cye 
</span> ",122,5,  ( 2014-02-14 )  
,,,
" HVEOVRGF--Sleepyhead-google "">
<span>
        eapdgeyoeoSlhgel- 
</span> ",133,50,  ( 2014-08-25 )  
,,,
" IUAECYRT--sonmio "">
<span>
        osnimo 
</span> ",3,28,  ( 2017-01-09 )  
,,,
" BYLCQZKK--pablogarriga "">
<span>
        pablogarriga  
        </span> ",32,6,  ( 2017-09-04 )  
,,,
" MTQCULEP--opengineer "">
<span>
        opengineer  
        </span> ",22,   *  3043     ,  ( 2017-10-16 )  
,,,
" MQBIYCUZ--shimarin "">
<span>
        shimarin  
        </span> ",13,20,  ( 2008-05-26 )  
,,,
" OKQIAMWH--fortune "">
<span>
        ufetrno 
</span> ",11,6,  ( 2009-01-06 )  
,,,
" XNUFTXNM--singerdmx "">
<span>
        eisxngmdr 
</span> ",15,   *  446     ,  ( 2009-09-03 )  
,,,
,,,
,,,
,,,
" DNDCEWZN--justinshenk "">
<span>
        justinshenk  
        </span> ",78,   *  272     ,  ( 2014-12-22 )  
,,,
" DAVORZLI--steffanjensen "">
<span>
        steffanjensen  
        </span> ",107,   *  411     ,  ( 2015-07-18 )  
,,,
" UBWPYRKE--qingshen0802 "">
<span>
        208enhisgnq0 
</span> ",55,99,  ( 2017-02-06 )  
,,,
" KXQAMKZG--verejava "">
<span>
        aravvjee 
</span> ",5,   *  1000     ,  ( 2018-05-25 )  
,,,
" BLFXMXTV--ijagjeet "">
<span>
        ijagjeet  
        </span> ",41,   *  2230     ,  ( 2018-12-19 )  
,,,
" WYHNKTCO--ky-bot "">
<span>
        ky-bot  
        </span> ",1,   *  300     ,  ( 2020-05-08 )  
,,,
" HCEEAUFT--adampatterson "">
<span>
        adampatterson  
        </span> ",49,56,  ( 2008-10-28 )  
,,,
" LPYJFGZA--ivansf "">
<span>
        ifvans 
</span> ",14,24,  ( 2009-01-29 )  
,,,
" ZTIAWMIW--ahmetabdi "">
<span>
        aebhmaitd 
</span> ",154,   *  709     ,  ( 2011-05-09 )  
,,,
,,,
" CQLFYCUL--TroyDWhite "">
<span>
        TroyDWhite  
        </span> ",10,7,  ( 2013-02-10 )  
,,,
,,,
" NGFHPDMK--JaiiRashad34 "">
<span>
        JaiiRashad34  
        </span> ",6,1,  ( 2018-01-12 )  
,,,
" KLWHKLBD--ahmedalazazy "">
<span>
        zeamzdaaahly 
</span> ",298,   *  235     ,  ( 2019-06-12 )  
,,,
" MNWLNRSN--Asmae-salhi "">
<span>
        lAis-amahse 
</span> ",4,1,  ( 2020-04-02 )  
,,,
" CRLLXJSD--msakazo "">
<span>
        szkmaoa 
</span> ",2,1,  ( 2020-05-25 )  
,,,
" DJNLONYN--MintThitiratChamnan "">
<span>
        airhtnCtnaMminihtaT 
</span> ",14,26,  ( 2021-08-01 )  
,,,
" BVZGBCJJ--eugeneware "">
<span>
        eugeneware  
        </span> ",253,   *  301     ,  ( 2008-12-03 )  
,,,
" CYFWCRHM--datapimp "">
<span>
        datapimp  
        </span> ",78,   *  102     ,  ( 2008-12-28 )  
,,,
" KSQFVLTN--throughnothing "">
<span>
        throughnothing  
        </span> ",152,   *  122     ,  ( 2009-03-09 )  
,,,
" GKRACLVZ--esneko "">
<span>
        esneko  
        </span> ",39,   *  265     ,  ( 2009-03-17 )  
,,,
" NTGNJSKR--thejeshgn "">
<span>
        heetngjhs 
</span> ",299,   *  686     ,  ( 2009-04-21 )  
,,,
" OAVWMKBG--Neustradamus "">
<span>
        mataseurNdsu 
</span> ",42,   *  445     ,  ( 2009-07-14 )  
,,,
" BFAWPOXW--carlos8f "">
<span>
        carlos8f  
        </span> ",238,   *  302     ,  ( 2009-07-20 )  
,,,
" OMGJUMTU--rohithadassanayake "">
<span>
        haskyianahaardtseo 
</span> ",5,   *  526     ,  ( 2009-07-30 )  
,,,
" QMUAEIEO--alexindigo "">
<span>
        alexindigo  
        </span> ",183,   *  125     ,  ( 2009-09-15 )  
,,,
" PARTOULW--martindale "">
<span>
        martindale  
        </span> ",1691,   *  470     ,  ( 2009-09-22 )  
,,,
" LBPAODQN--jprichardson "">
<span>
        jprichardson  
        </span> ",167,   *  1187     ,  ( 2009-11-07 )  
,,,
" XJWWXKNQ--miguelmota "">
<span>
        miguelmota  
        </span> ",543,   *  1530     ,  ( 2009-12-16 )  
,,,
" GGJPMYSE--aprock "">
<span>
        aprock  
        </span> ",4,22,  ( 2009-12-25 )  
,,,
,,,
" BUDIPCBQ--0-vortex "">
<span>
        eo0x-vrt 
</span> ",114,   *  199     ,  ( 2010-04-05 )  
,,,
" BEWTXJSN--shovon "">
<span>
        vhosno 
</span> ",169,   *  159     ,  ( 2010-05-23 )  
,,,
" SPLBZNFY--RichAyotte "">
<span>
        RichAyotte  
        </span> ",29,36,  ( 2010-06-03 )  
,,,
" CDXZNWWZ--alexeykudinkin "">
<span>
        alexeykudinkin  
        </span> ",29,42,  ( 2010-10-05 )  
,,,
" MTBKLLUI--lmatteis "">
<span>
        lmatteis  
        </span> ",79,   *  190     ,  ( 2010-12-24 )  
,,,
" GZNCKNIZ--raisty "">
<span>
        raisty  
        </span> ",31,72,  ( 2010-12-27 )  
,,,
,,,
" CAVUWDPN--karlsnyder0 "">
<span>
        karlsnyder0  
        </span> ",6,5,  ( 2011-02-25 )  
,,,
" YPOGSUHI--mattvick "">
<span>
        vamtktci 
</span> ",75,7,  ( 2011-03-04 )  
,,,
" VUZAWPUI--ksetrin "">
<span>
        ksetrin  
        </span> ",34,9,  ( 2011-03-17 )  
,,,
" PYSCJOLA--fijiwebdesign "">
<span>
        fijiwebdesign  
        </span> ",121,18,  ( 2011-05-25 )  
,,,
" BQFQMTKI--kantmakm "">
<span>
        kantmakm  
        </span> ",19,6,  ( 2011-06-06 )  
,,,
" VBYBUPGL--vespakoen "">
<span>
        vespakoen  
        </span> ",186,   *  106     ,  ( 2011-06-26 )  
,,,
" SCZRKTKP--marko-jankovic "">
<span>
        marko-jankovic  
        </span> ",8,   *  136     ,  ( 2011-07-11 )  
,,,
" ZOJNWJTQ--grisaitis "">
<span>
        grisaitis  
        </span> ",72,42,  ( 2011-07-11 )  
,,,
" VUSZGQZO--martinheidegger "">
<span>
        rmeeniihdategrg 
</span> ",385,   *  316     ,  ( 2011-07-14 )  
,,,
" XIGPBTYQ--onsails "">
<span>
        onsails  
        </span> ",165,   *  194     ,  ( 2009-07-21 )  
,,,
" PVZGZHHJ--suenot "">
<span>
        tensou 
</span> ",311,83,  ( 2012-02-10 )  
,,,
,,,
" AVJNVLGS--hffke927 "">
<span>
        f7ef29kh 
</span> ",50,   *  186     ,  ( 2012-09-27 )  
,,,
" LHZGYFND--bobomurod "">
<span>
        bobomurod  
        </span> ",89,   *  120     ,  ( 2013-01-31 )  
,,,
" MOEAYPSQ--amijkko "">
<span>
        amijkko  
        </span> ",28,11,  ( 2015-04-14 )  
,,,
" DOUAMGBH--mstraughan86 "">
<span>
        hagn8ur6smat 
</span> ",27,   *  5886     ,  ( 2015-09-12 )  
,,,
" PVQPMQJC--artemii235 "">
<span>
        iir3tema52 
</span> ",42,62,  ( 2015-11-09 )  
,,,
" KXSZPCPX--soldat13 "">
<span>
        soldat13  
        </span> ",6,39,  ( 2016-06-02 )  
,,,
" BQSICSWU--KaterinaToy "">
<span>
        oenrayatiKT 
</span> ",0,19,  ( 2020-02-08 )  
,,,
,,,
" AMIAONJJ--rjst "">
<span>
        rjst  
        </span> ",7,14,  ( 2009-03-04 )  
,,,
" CWAMBMQC--ahmetabdi "">
<span>
        mhbtaiade 
</span> ",154,   *  709     ,  ( 2011-05-09 )  
,,,
" JNMUCLDI--vsantosu "">
<span>
        snouatsv 
</span> ",33,24,  ( 2012-04-02 )  
,,,
" FWQDAXWQ--KevinHock "">
<span>
        ceiokHKnv 
</span> ",39,   *  4695     ,  ( 2012-12-19 )  
,,,
" CJCPWWDH--cusspvz "">
<span>
        usvzpsc 
</span> ",159,   *  7743     ,  ( 2013-02-15 )  
,,,
" LEWUTIPF--migueljulio "">
<span>
        glumjoiulei 
</span> ",20,3,  ( 2014-02-12 )  
,,,
" GMPOJZPN--tentone "">
<span>
        tentone  
        </span> ",38,   *  240     ,  ( 2014-10-11 )  
,,,
" ZYTRYFDB--ypersyntelykos "">
<span>
        yerteslspkoyny 
</span> ",61,   *  669     ,  ( 2014-12-18 )  
,,,
" SQJINTTI--FranciscoJGuz "">
<span>
        FranciscoJGuz  
        </span> ",9,   *  121     ,  ( 2015-10-29 )  
,,,
" IOXNVFXL--imbi7py "">
<span>
        mibp7iy 
</span> ",0,0,  ( 0000-00-00 )  
,,,
" QOUSHIKX--nwoods2019 "">
<span>
        od2no190ws 
</span> ",0,10,  ( 2019-03-06 )  
,,,
" ARITBMPF--standino "">
<span>
        standino  
        </span> ",21,24,  ( 2008-04-07 )  
,,,
" QOJYBIIU--mattn "">
<span>
        tatnm 
</span> ",1833,   *  9790     ,  ( 2008-05-13 )  
,,,
" JHFRWSFK--fundon "">
<span>
        odnunf 
</span> ",105,   *  831     ,  ( 2008-10-07 )  
,,,
,,,
" OPPWZJEL--x2c3z4 "">
<span>
        x2c3z4  
        </span> ",29,98,  ( 2011-07-24 )  
,,,
" DLLGEJUC--adyliu "">
<span>
        aduily 
</span> ",16,   *  272     ,  ( 2011-11-04 )  
,,,
" JRMVSGXM--jiaofeng "">
<span>
        aienogfj 
</span> ",32,18,  ( 2011-12-21 )  
,,,
" WLMHSZFJ--kroitor "">
<span>
        oikrort 
</span> ",40,   *  2639     ,  ( 2011-12-30 )  
,,,
" FTALTJSS--onemouth "">
<span>
        mouehnot 
</span> ",18,26,  ( 2012-02-04 )  
,,,
" ZYNMLRLB--buffer8848 "">
<span>
        buffer8848  
        </span> ",51,36,  ( 2012-07-17 )  
,,,
" EHRLJSAS--krisjin "">
<span>
        krisjin  
        </span> ",122,   *  132     ,  ( 2012-10-19 )  
,,,
" TZMMXBZW--mikegwhit "">
<span>
        mikegwhit  
        </span> ",11,   *  1027     ,  ( 2012-12-05 )  
,,,
,,,
,,,
" OYWZMMAD--kiwifig "">
<span>
        fwiikgi 
</span> ",42,11,  ( 2013-03-20 )  
,,,
" TNOVNPLJ--hehead "">
<span>
        hehead  
        </span> ",1,   *  641     ,  ( 2013-05-12 )  
,,,
" IAWABSPD--fastcoinproject "">
<span>
        sncotriotfacpje 
</span> ",6,30,  ( 2013-05-28 )  
,,,
" WAOVJEMZ--angusshire "">
<span>
        ashiegsrun 
</span> ",18,   *  12326     ,  ( 2013-11-07 )  
,,,
" OLIOFVMH--johnbey "">
<span>
        johnbey  
        </span> ",2,0,  ( 2013-12-04 )  
,,,
" EDFMIWST--jkk2h"">
<span>
        kh2kj 
</span> ",1,   *  120     ,  ( 2015-11-05 )  
,,,
" DDVSQKUH--lezasantaizi "">
<span>
        lezasantaizi  
        </span> ",35,25,  ( 2014-06-13 )  
,,,
" ASQXGQWJ--drybeans "">
<span>
        ensybdra 
</span> ",63,16,  ( 2014-08-26 )  
,,,
" PGSODTOG--iNDicat0r "">
<span>
        iNDicat0r  
        </span> ",10,34,  ( 2015-06-30 )  
,,,
" ZMBNVQCY--Lisprez "">
<span>
        Lisprez  
        </span> ",411,   *  1154     ,  ( 2015-09-23 )  
,,,
" DQBKUNQA--Linux-Player "">
<span>
        iueln-rPxyLa 
</span> ",2,   *  1200     ,  ( 2016-10-10 )  
,,,
" WONQXWID--freemanZYQ "">
<span>
        maeQnfZreY 
</span> ",1647,   *  168     ,  ( 2017-01-04 )  
,,,
" CLUXGYCL--krodyx "">
<span>
        kryoxd 
</span> ",762,   *  166     ,  ( 2017-02-24 )  
,,,
,,,
" OWUJTDVY--mengcoin "">
<span>
        mengcoin  
        </span> ",2,16,  ( 2018-01-15 )  
,,,
" VLSKJSWH--Jungjaegu "">
<span>
        jnJuguaeg 
</span> ",20,9,  ( 2018-05-25 )  
,,,
,,,
" ZROFAJMC--batsuuri "">
<span>
        tsrbuaiu 
</span> ",3,0,  ( 2012-06-07 )  
,,,
" TOBFGRYG--KevinHock "">
<span>
        covHnkeKi 
</span> ",39,   *  4695     ,  ( 2012-12-19 )  
,,,
" XUIRXCCY--InduprasadSR "">
<span>
        InduprasadSR  
        </span> ",11,   *  345     ,  ( 2015-04-30 )  
,,,
,,,
" MCKAWIAR--drybeans "">
<span>
        aenrdybs 
</span> ",63,16,  ( 2014-08-26 )  
,,,
,,,
" SHIMVKEO--Lisprez "">
<span>
        rieLzps 
</span> ",411,   *  1154     ,  ( 2015-09-23 )  
,,,
,,,
" UGNELWJG--freemanZYQ "">
<span>
        freemanZYQ  
        </span> ",1647,   *  168     ,  ( 2017-01-04 )  
,,,
" WSKOUUFS--krodyx "">
<span>
        krodyx  
        </span> ",762,   *  166     ,  ( 2017-02-24 )  
,,,
,,,
,,,
" HLNXNLTE--Jungjaegu "">
<span>
        Jungjaegu  
        </span> ",20,9,  ( 2018-05-25 )  
,,,
,,,
" IBDXFHZE--batsuuri "">
<span>
        rsuibtau 
</span> ",3,0,  ( 2012-06-07 )  
,,,
" FXXWXNYU--KevinHock "">
<span>
        KenokiHvc 
</span> ",39,   *  4695     ,  ( 2012-12-19 )  
,,,
,,,
" CKEXYTTZ--erravimishracse "">
<span>
        iecmhvsieaarrsr 
</span> ",22,   *  356     ,  ( 2016-07-13 )  
,,,
" LXEZPOPN--NoreplyGao "">
<span>
        NoreplyGao  
        </span> ",4,11,  ( 2017-05-06 )  
,,,
" CWSVGHKX--sctv "">
<span>
        sctv  
        </span> ",64,51,  ( 2008-04-07 )  
,,,
" MRGLMCIX--nateirwin "">
<span>
        nateirwin  
        </span> ",11,77,  ( 2008-05-15 )  
,,,
" MOJDJMBE--tosh "">
<span>
        hsto 
</span> ",73,   *  272     ,  ( 2008-06-24 )  
,,,
" LBCJTNZF--fundon "">
<span>
        fdnuno 
</span> ",105,   *  831     ,  ( 2008-10-07 )  
,,,
" DNRDDUBI--bluet "">
<span>
        bluet  
        </span> ",66,   *  150     ,  ( 2009-02-02 )  
,,,
" INGCETRV--lancetw "">
<span>
        lancetw  
        </span> ",257,   *  175     ,  ( 2009-03-10 )  
,,,
" MCFMHSBN--esin "">
<span>
        seni 
</span> ",36,   *  9655     ,  ( 2009-04-02 )  
,,,
" ECYTTJCM--uira "">
<span>
        uira  
        </span> ",30,   *  140     ,  ( 2009-05-29 )  
,,,
" QNQFIDED--rasata "">
<span>
        artsaa 
</span> ",1780,50,  ( 2009-06-09 )  
,,,
" KOAHHSHM--zmughal "">
<span>
        lzhugam 
</span> ",256,   *  488     ,  ( 2009-06-11 )  
,,,
" CAGPIUVF--kanzure "">
<span>
        kaeunrz 
</span> ",160,   *  474     ,  ( 2009-07-03 )  
,,,
" APQYVEVN--audy "">
<span>
        audy  
        </span> ",184,   *  331     ,  ( 2009-08-16 )  
,,,
" JXHZKUMC--gongfuPanada "">
<span>
        fadggnonPuaa 
</span> ",1605,14,  ( 2009-08-29 )  
,,,
" MMTXLCHD--fly51fly "">
<span>
        fly51fly  
        </span> ",11,   *  3459     ,  ( 2009-09-19 )  
,,,
" ODZXNADJ--keix "">
<span>
        keix  
        </span> ",4,17,  ( 2009-10-27 )  
,,,
" HHLULQQB--rmarquis "">
<span>
        imrsqaru 
</span> ",178,   *  114     ,  ( 2009-12-05 )  
,,,
" YJXTCCHF--suneil "">
<span>
        suneil  
        </span> ",36,15,  ( 2009-12-09 )  
,,,
" BIFTVESI--jniamehr "">
<span>
        jniamehr  
        </span> ",0,3,  ( 2010-03-17 )  
,,,
" YBTTNKQC--rfilipo "">
<span>
        rfilipo  
        </span> ",50,36,  ( 2010-03-18 )  
,,,
" RPUIIOHB--andy-williams "">
<span>
        andy-williams  
        </span> ",46,40,  ( 2010-04-11 )  
,,,
" UXQHNUUF--robbinhan "">
<span>
        robbinhan  
        </span> ",154,70,  ( 2010-04-12 )  
,,,
" VGWITSDC--batermj "">
<span>
        batermj  
        </span> ",2384,   *  1429     ,  ( 2010-04-23 )  
,,,
" CEDPWEJL--WillemJan "">
<span>
        lWailmneJ 
</span> ",35,0,  ( 2010-05-01 )  
,,,
" CEANXUXO--kjaylee "">
<span>
        kjaylee  
        </span> ",168,40,  ( 2010-05-04 )  
,,,
" FKJMTVJK--greysun "">
<span>
        ynruesg 
</span> ",103,38,  ( 2010-05-15 )  
,,,
" WGQJBJKS--GabiThume "">
<span>
        GabiThume  
        </span> ",34,80,  ( 2010-05-27 )  
,,,
" PDNZKXZI--t3573393 "">
<span>
        953333t7 
</span> ",45,15,  ( 2010-05-28 )  
,,,
" MYCOTQTG--johndpope "">
<span>
        jhonopedp 
</span> ",8082,   *  664     ,  ( 2010-05-28 )  
,,,
" AJPXLEOP--botsbrain "">
<span>
        botsbrain  
        </span> ",10,   *  142     ,  ( 2010-06-01 )  
,,,
" AENLRGJB--kima2081i"">
<span>
        kima2081i 
        </span> ",40,   *  425     ,  ( 2010-02-30 )  
,,,
" KTKOVEII--EmpeRoar "">
<span>
        EmpeRoar  
        </span> ",246,31,  ( 2010-06-30 )  
,,,
" AJOIKOYW--sudachen "">
<span>
        sudachen  
        </span> ",146,53,  ( 2008-02-28 )  
,,,
" YDJYLLVI--romanz "">
<span>
        mzonar 
</span> ",108,   *  252     ,  ( 2008-05-10 )  
,,,
" JNBBHKHS--jpzk "">
<span>
        jpzk  
        </span> ",107,   *  113     ,  ( 2008-10-30 )  
,,,
" GDKWWIMN--wedtm "">
<span>
        wedtm  
        </span> ",43,27,  ( 2008-11-04 )  
,,,
" ROFRZEVR--dgonzalez "">
<span>
        dgonzalez  
        </span> ",90,   *  170     ,  ( 2009-09-06 )  
,,,
" ZJMOGIUI--influx6 "">
<span>
        influx6  
        </span> ",689,   *  302     ,  ( 2009-09-26 )  
,,,
" ZOWPPYUH--thiagozs "">
<span>
        thiagozs  
        </span> ",149,96,  ( 2009-10-16 )  
,,,
" UCRMNEBU--gregzuro "">
<span>
        gregzuro  
        </span> ",30,21,  ( 2010-04-02 )  
,,,
" ODZOZYMZ--dadaphl "">
<span>
        ddalahp 
</span> ",18,37,  ( 2010-09-25 )  
,,,
" WTQWDTYA--JaniAnttonen "">
<span>
        JnotaAtnnnie 
</span> ",50,   *  104     ,  ( 2010-11-29 )  
,,,
" RWXMCVDX--ahmetabdi "">
<span>
        databemih 
</span> ",154,   *  709     ,  ( 2011-05-09 )  
,,,
" QKHUGCFS--almartin82 "">
<span>
        2mal8antri 
</span> ",72,80,  ( 2011-05-11 )  
,,,
" EZDZHZFY--hieple7985 "">
<span>
        985h7elipe 
</span> ",33,47,  ( 2011-06-08 )  
,,,
" UFJQNGFA--xaviarias "">
<span>
        xaviarias  
        </span> ",16,58,  ( 2011-06-26 )  
,,,
" EXYTNVDY--jhonsu01 "">
<span>
        un1o0hsj 
</span> ",41,33,  ( 2012-05-31 )  
,,,
" LZBUAQDK--mortdeus "">
<span>
        eumtodrs 
</span> ",91,   *  101     ,  ( 2012-06-21 )  
,,,
" SAJEAAQK--ckabuya "">
<span>
        kaacbuy 
</span> ",38,2,  ( 2012-08-21 )  
,,,
" DIFRTGOK--y0sher "">
<span>
        yhesr0 
</span> ",20,26,  ( 2012-10-19 )  
,,,
" YRHWTHRB--jondo89 "">
<span>
        jondo89  
        </span> ",10,   *  241     ,  ( 2012-11-26 )  
,,,
" YZKIXXKQ--KevinHock "">
<span>
        eicHkonKv 
</span> ",39,   *  4695     ,  ( 2012-12-19 )  
,,,
" APPDFMKH--lrettig "">
<span>
        titelrg 
</span> ",86,   *  219     ,  ( 2013-01-19 )  
,,,
" ZVVBHKBQ--rikonor "">
<span>
        rooinkr 
</span> ",97,20,  ( 2013-01-27 )  
,,,
" CESQYFQF--ales9000 "">
<span>
        ales9000  
        </span> ",6,21,  ( 2013-02-06 )  
,,,
" ZDKTLKRH--kinkin10 "">
<span>
        kinkin10  
        </span> ",226,   *  910     ,  ( 2011-04-13 )  
,,,
" FYFPTOQM--dendisuhubdy "">
<span>
        dendisuhubdy  
        </span> ",2885,   *  506     ,  ( 2013-05-20 )  
,,,
" WZQVCULV--pkrasam "">
<span>
        pkrasam  
        </span> ",295,52,  ( 2013-05-24 )  
,,,
" EWWQKUVS--gaocegege "">
<span>
        ecgeeaogg 
</span> ",397,   *  2379     ,  ( 2013-07-27 )  
,,,
" WXHFVBWU--yyeexxhhh "">
<span>
        hxexheyyh 
</span> ",10,18,  ( 2013-08-20 )  
,,,
" AFTDHDMV--manjotkhangura "">
<span>
        manjotkhangura  
        </span> ",2,0,  ( 2014-01-11 )  
,,,
" PBWETYZS--r-zig "">
<span>
        r-zig  
        </span> ",9,0,  ( 2014-01-22 )  
,,,
" MPUNAWSQ--iamgilwell "">
<span>
        iamgilwell  
        </span> ",33,98,  ( 2014-02-22 )  
,,,
" IKQOFOOT--peterp "">
<span>
        peterp  
        </span> ",30,   *  413     ,  ( 2009-01-07 )  
,,,
" QMRVSFIZ--vilmibm "">
<span>
        ilvbmmi 
</span> ",105,   *  534     ,  ( 2009-06-24 )  
,,,
,,,
,,,
" RYAQIKFW--canvaspixels "">
<span>
        aneslaivpcxs 
</span> ",37,29,  ( 2012-01-19 )  
,,,
" NRRZZEFU--Voidious "">
<span>
        usdiVooi 
</span> ",4,17,  ( 2012-07-25 )  
,,,
,,,
,,,
,,,
" HAQNHWYD--jake100 "">
<span>
        j0k0e1a 
</span> ",57,   *  1817     ,  ( 2013-10-28 )  
,,,
,,,
" KNDTQTTZ--rob4lderman "">
<span>
        rb4alermndo 
</span> ",36,7,  ( 2013-12-02 )  
,,,
" NATQVXNH--algebric "">
<span>
        gaiecrbl 
</span> ",4,   *  2284     ,  ( 2014-03-05 )  
,,,
" WLJBQCOJ--vkandola "">
<span>
        kadnlavo 
</span> ",153,   *  1608     ,  ( 2014-04-21 )  
,,,
" PJASJKAW--AdiChat "">
<span>
        AihtCda 
</span> ",20,   *  3216     ,  ( 2015-01-21 )  
,,,
" ZWDREZUA--ArefMq "">
<span>
        qAMref 
</span> ",28,   *  2831     ,  ( 2015-02-07 )  
,,,
" TDQHXMHK--mstraughan86 "">
<span>
        mstraughan86  
        </span> ",27,   *  5886     ,  ( 2015-09-12 )  
,,,
" KUDLVRYU--franklsm1 "">
<span>
        franklsm1  
        </span> ",37,6,  ( 2015-09-15 )  
,,,
" SEBKCVII--AlexxNica "">
<span>
        NAlxiaecx 
</span> ",6666,   *  782     ,  ( 2015-09-17 )  
,,,
" LGUXWEDA--jessuppi "">
<span>
        jessuppi  
        </span> ",13,   *  425     ,  ( 2016-02-29 )  
,,,
" SQIUKQKM--ilmalte "">
<span>
        ilmalte  
        </span> ",26,56,  ( 2016-03-05 )  
,,,
" ACCIYCZM--una-tapa "">
<span>
        upt-naaa 
</span> ",28,2,  ( 2016-07-23 )  
,,,
" EMAVICQP--imArafatHussein "">
<span>
        sirnAftsmaeuHai 
</span> ",1,   *  4123     ,  ( 2016-08-25 )  
,,,
" FFOWBRWO--VinayMavani "">
<span>
        VnyaiaianvM 
</span> ",2,17,  ( 2017-10-09 )  
,,,
,,,
" ZNLSJLEL--MafujShikder "">
<span>
        kuMdSaihjfre 
</span> ",23,   *  1517     ,  ( 2017-12-14 )  
,,,
" VETSPYBE--iamfredrickokereke "">
<span>
        iamfredrickokereke  
        </span> ",250,62,  ( 2018-04-12 )  
,,,
" ADEBCFZB--kj2houli "">
<span>
        i2uokhlj 
</span> ",15,26,  ( 2015-01-02 )  
,,,
" RBOKAWUC--curv3ball "">
<span>
        curv3ball  
        </span> ",7,74,  ( 2018-05-10 )  
,,,
" YUWQZAWF--codingscode "">
<span>
        codingscode  
        </span> ",171,   *  1306     ,  ( 2019-05-05 )  
,,,
" KXSPLDBL--pshc "">
<span>
        pshc  
        </span> ",55,33,  ( 2008-04-11 )  
,,,
" HUZWOLSD--mikeyb "">
<span>
        mikeyb  
        </span> ",26,   *  123     ,  ( 2008-11-24 )  
,,,
" IRDPYLDK--slpsys "">
<span>
        spssly 
</span> ",29,21,  ( 2009-03-10 )  
,,,
" UAZURWLW--yepitschunked "">
<span>
        yepitschunked  
        </span> ",55,36,  ( 2009-09-10 )  
,,,
" KXAWBTZE--j15e "">
<span>
        1ej5 
</span> ",62,80,  ( 2009-10-22 )  
,,,
" SOVXUOSV--davidrobles "">
<span>
        davidrobles  
        </span> ",51,69,  ( 2009-12-08 )  
,,,
" SHMFALCH--KokaKiwi "">
<span>
        KokaKiwi  
        </span> ",203,   *  151     ,  ( 2010-01-15 )  
,,,
" PJXFVSAG--cburgdorf "">
<span>
        cburgdorf  
        </span> ",133,   *  413     ,  ( 2010-12-13 )  
,,,
" DYQXXCEF--erynofwales "">
<span>
        enrfelwsoay 
</span> ",28,52,  ( 2011-03-30 )  
,,,
" LUAUMVTR--poguez "">
<span>
        oezupg 
</span> ",79,   *  122     ,  ( 2011-04-15 )  
,,,
" WWVMPARQ--iorch "">
<span>
        iorch  
        </span> ",38,47,  ( 2011-07-11 )  
,,,
" LKKQZSAG--mogox "">
<span>
        mogxo 
</span> ",28,42,  ( 2011-07-19 )  
,,,
" DSZISPRG--lcampos "">
<span>
        mlpasco 
</span> ",17,36,  ( 2011-09-11 )  
,,,
" AIPVSOWJ--dryajov "">
<span>
        dvoajry 
</span> ",203,   *  178     ,  ( 2011-10-01 )  
,,,
" PQOOVYKF--victor-vargas2009 "">
<span>
        victor-vargas2009  
        </span> ",12,7,  ( 2011-10-24 )  
,,,
" GRFVBREH--NatashaTheRobot "">
<span>
        ooNhhtebTatasaR 
</span> ",123,   *  1583     ,  ( 2011-10-28 )  
,,,
" WCUZDKSK--helloworld-cat "">
<span>
        helloworld-cat  
        </span> ",33,38,  ( 2012-01-22 )  
,,,
" UKLRJKBU--hm1lry9"">
<span>
        hm1lry9 
        </span> ",10,   *  585     ,  ( 2012-01-32 )  
,,,
" KMLFEZZF--pxpgraphics "">
<span>
        pxpgraphics  
        </span> ",156,34,  ( 2012-04-19 )  
,,,
" SHWYYIJL--SeanReid "">
<span>
        SeanReid  
        </span> ",37,3,  ( 2012-08-22 )  
,,,
" DZZCHGDI--haozeng "">
<span>
        haozeng  
        </span> ",18,21,  ( 2012-09-28 )  
,,,
" TCRNNXLV--KevinHock "">
<span>
        ekHnioKcv 
</span> ",39,   *  4695     ,  ( 2012-12-19 )  
,,,
" PSBPLOPA--215eight "">
<span>
        215eight  
        </span> ",9,3,  ( 2013-02-19 )  
,,,
" ODBIQMCQ--jescriba "">
<span>
        jescriba  
        </span> ",38,21,  ( 2013-03-22 )  
,,,
" OUXFEAEP--jonathanrico "">
<span>
        jonathanrico  
        </span> ",29,24,  ( 2013-05-17 )  
,,,
" XTFMGIVC--sai43 "">
<span>
        43ias 
</span> ",202,18,  ( 2013-05-31 )  
,,,
" BOHLGYUT--suriyaa "">
<span>
        yrauias 
</span> ",54,   *  962     ,  ( 2013-07-23 )  
,,,
" RHNHSLMW--angusshire "">
<span>
        rsuhsginea 
</span> ",18,   *  12326     ,  ( 2013-11-07 )  
,,,
" QVFPGJGY--cnd "">
<span>
        cnd  
        </span> ",15,0,  ( 2012-10-26 )  
,,,
" EPGVZAQS--Rady "">
<span>
        Rdya 
</span> ",43,18,  ( 2009-08-26 )  
,,,
" PJBARPDL--m1kal "">
<span>
        m1kal  
        </span> ",24,0,  ( 2016-11-26 )  
,,,
Total size,746,,
Unique ID's,696,,
Missing info ID's,6,,
